api,category,occurrences,groups,support_cells
FD_CLR,unqualified_yes,1,POSIX_DEVICE_IO,"[""yes""]"
FD_ISSET,unqualified_yes,1,POSIX_DEVICE_IO,"[""yes""]"
FD_SET,unqualified_yes,1,POSIX_DEVICE_IO,"[""yes""]"
FD_ZERO,unqualified_yes,1,POSIX_DEVICE_IO,"[""yes""]"
_Exit,unqualified_yes,1,POSIX_MULTI_PROCESS,"[""yes""]"
_exit,unqualified_yes,1,POSIX_MULTI_PROCESS,"[""yes""]"
abort,qualified,1,POSIX_SIGNALS,"[""yes †<posix_undefined_behaviour>""]"
accept,unqualified_yes,1,POSIX_NETWORKING,"[""yes""]"
access,unmarked,1,POSIX_FILE_SYSTEM,"[""""]"
aio_cancel,qualified,1,_POSIX_ASYNCHRONOUS_IO,"[""yes †<posix_undefined_behaviour>""]"
aio_error,qualified,1,_POSIX_ASYNCHRONOUS_IO,"[""yes †<posix_undefined_behaviour>""]"
aio_fsync,qualified,1,_POSIX_ASYNCHRONOUS_IO,"[""yes †<posix_undefined_behaviour>""]"
aio_read,qualified,1,_POSIX_ASYNCHRONOUS_IO,"[""yes †<posix_undefined_behaviour>""]"
aio_return,qualified,1,_POSIX_ASYNCHRONOUS_IO,"[""yes †<posix_undefined_behaviour>""]"
aio_suspend,qualified,1,_POSIX_ASYNCHRONOUS_IO,"[""yes †<posix_undefined_behaviour>""]"
aio_write,qualified,1,_POSIX_ASYNCHRONOUS_IO,"[""yes †<posix_undefined_behaviour>""]"
alarm,qualified,1,POSIX_SIGNALS,"[""yes †<posix_undefined_behaviour>""]"
asctime_r,unqualified_yes,2,POSIX_C_LANG_SUPPORT_R; _POSIX_THREAD_SAFE_FUNCTIONS,"[""yes"", ""yes""]"
assert,unqualified_yes,1,POSIX_MULTI_PROCESS,"[""yes""]"
atexit,qualified,1,POSIX_MULTI_PROCESS,"[""†<posix_undefined_behaviour>""]"
bind,unqualified_yes,1,POSIX_NETWORKING,"[""yes""]"
chdir,unmarked,1,POSIX_FILE_SYSTEM,"[""""]"
clearerr,unqualified_yes,1,POSIX_DEVICE_IO,"[""yes""]"
clock,unmarked,1,POSIX_MULTI_PROCESS,"[""""]"
clock_getres,unqualified_yes,1,POSIX_TIMERS,"[""yes""]"
clock_gettime,unqualified_yes,1,POSIX_TIMERS,"[""yes""]"
clock_nanosleep,unqualified_yes,1,POSIX_CLOCK_SELECTION,"[""yes""]"
clock_settime,unqualified_yes,1,POSIX_TIMERS,"[""yes""]"
close,unqualified_yes,1,POSIX_DEVICE_IO,"[""yes""]"
closedir,unqualified_yes,1,POSIX_FILE_SYSTEM,"[""yes""]"
closelog,unqualified_yes,1,XSI_SYSTEM_LOGGING,"[""yes""]"
confstr,unqualified_yes,1,POSIX_SINGLE_PROCESS,"[""yes""]"
connect,unqualified_yes,1,POSIX_NETWORKING,"[""yes""]"
creat,unmarked,1,POSIX_FILE_SYSTEM,"[""""]"
ctime_r,qualified,2,POSIX_C_LANG_SUPPORT_R; _POSIX_THREAD_SAFE_FUNCTIONS,"[""yes"", ""yes (UTC timezone only)""]"
dup,unmarked,1,POSIX_FD_MGMT,"[""""]"
dup2,unmarked,1,POSIX_FD_MGMT,"[""""]"
endhostent,unqualified_yes,1,POSIX_NETWORKING,"[""yes""]"
endnetent,unqualified_yes,1,POSIX_NETWORKING,"[""yes""]"
endprotoent,unqualified_yes,1,POSIX_NETWORKING,"[""yes""]"
endservent,unqualified_yes,1,POSIX_NETWORKING,"[""yes""]"
execl,qualified,1,POSIX_MULTI_PROCESS,"[""†<posix_undefined_behaviour>""]"
execle,qualified,1,POSIX_MULTI_PROCESS,"[""†<posix_undefined_behaviour>""]"
execlp,qualified,1,POSIX_MULTI_PROCESS,"[""†<posix_undefined_behaviour>""]"
execv,qualified,1,POSIX_MULTI_PROCESS,"[""†<posix_undefined_behaviour>""]"
execve,qualified,1,POSIX_MULTI_PROCESS,"[""†<posix_undefined_behaviour>""]"
execvp,qualified,1,POSIX_MULTI_PROCESS,"[""†<posix_undefined_behaviour>""]"
exit,unqualified_yes,1,POSIX_MULTI_PROCESS,"[""yes""]"
fattach,qualified,1,_XOPEN_STREAMS,"[""yes †<posix_undefined_behaviour>""]"
fchdir,unmarked,1,POSIX_FILE_SYSTEM,"[""""]"
fclose,unqualified_yes,1,POSIX_DEVICE_IO,"[""yes""]"
fcntl,unmarked,1,POSIX_FD_MGMT,"[""""]"
fdatasync,unqualified_yes,1,_POSIX_SYNCHRONIZED_IO,"[""yes""]"
fdetach,qualified,1,_XOPEN_STREAMS,"[""yes †<posix_undefined_behaviour>""]"
fdopen,unqualified_yes,1,POSIX_DEVICE_IO,"[""yes""]"
feof,unqualified_yes,1,POSIX_DEVICE_IO,"[""yes""]"
ferror,unqualified_yes,1,POSIX_DEVICE_IO,"[""yes""]"
fflush,unqualified_yes,1,POSIX_DEVICE_IO,"[""yes""]"
fgetc,unqualified_yes,1,POSIX_DEVICE_IO,"[""yes""]"
fgetpos,unmarked,1,POSIX_FD_MGMT,"[""""]"
fgets,unqualified_yes,1,POSIX_DEVICE_IO,"[""yes""]"
fileno,unqualified_yes,1,POSIX_DEVICE_IO,"[""yes""]"
flockfile,unmarked,2,POSIX_FILE_LOCKING; _POSIX_THREAD_SAFE_FUNCTIONS,"["""", """"]"
fnmatch,unqualified_yes,1,POSIX_C_LIB_EXT,"[""yes""]"
fopen,unqualified_yes,1,POSIX_DEVICE_IO,"[""yes""]"
fork,qualified,1,POSIX_MULTI_PROCESS,"[""†<posix_undefined_behaviour>""]"
fpathconf,unmarked,1,POSIX_FILE_SYSTEM,"[""""]"
fprintf,unqualified_yes,1,POSIX_DEVICE_IO,"[""yes""]"
fputc,unqualified_yes,1,POSIX_DEVICE_IO,"[""yes""]"
fputs,unqualified_yes,1,POSIX_DEVICE_IO,"[""yes""]"
fread,unqualified_yes,1,POSIX_DEVICE_IO,"[""yes""]"
freeaddrinfo,unqualified_yes,1,POSIX_NETWORKING,"[""yes""]"
freopen,unqualified_yes,1,POSIX_DEVICE_IO,"[""yes""]"
fscanf,unqualified_yes,1,POSIX_DEVICE_IO,"[""yes""]"
fseek,unmarked,1,POSIX_FD_MGMT,"[""""]"
fseeko,unmarked,1,POSIX_FD_MGMT,"[""""]"
fsetpos,unmarked,1,POSIX_FD_MGMT,"[""""]"
fstat,unqualified_yes,1,POSIX_FILE_SYSTEM,"[""yes""]"
fstatvfs,unmarked,1,POSIX_FILE_SYSTEM,"[""""]"
fsync,unqualified_yes,2,_POSIX_FSYNC; _POSIX_SYNCHRONIZED_IO,"[""yes"", ""yes""]"
ftell,unmarked,1,POSIX_FD_MGMT,"[""""]"
ftello,unmarked,1,POSIX_FD_MGMT,"[""""]"
ftruncate,unqualified_yes,1,POSIX_FD_MGMT,"[""yes""]"
ftrylockfile,unmarked,2,POSIX_FILE_LOCKING; _POSIX_THREAD_SAFE_FUNCTIONS,"["""", """"]"
funlockfile,unmarked,2,POSIX_FILE_LOCKING; _POSIX_THREAD_SAFE_FUNCTIONS,"["""", """"]"
fwrite,unqualified_yes,1,POSIX_DEVICE_IO,"[""yes""]"
gai_strerror,unqualified_yes,1,POSIX_NETWORKING,"[""yes""]"
getaddrinfo,unqualified_yes,1,POSIX_NETWORKING,"[""yes""]"
getc,unqualified_yes,1,POSIX_DEVICE_IO,"[""yes""]"
getc_unlocked,unmarked,2,POSIX_FILE_LOCKING; _POSIX_THREAD_SAFE_FUNCTIONS,"["""", """"]"
getchar,unqualified_yes,1,POSIX_DEVICE_IO,"[""yes""]"
getchar_unlocked,unmarked,2,POSIX_FILE_LOCKING; _POSIX_THREAD_SAFE_FUNCTIONS,"["""", """"]"
getcwd,unmarked,1,POSIX_FILE_SYSTEM,"[""""]"
getenv,unqualified_yes,1,POSIX_SINGLE_PROCESS,"[""yes""]"
getgrgid_r,qualified,1,_POSIX_THREAD_SAFE_FUNCTIONS,"[""yes †<posix_undefined_behaviour>""]"
getgrnam_r,qualified,1,_POSIX_THREAD_SAFE_FUNCTIONS,"[""yes †<posix_undefined_behaviour>""]"
gethostent,unqualified_yes,1,POSIX_NETWORKING,"[""yes""]"
gethostid,unqualified_yes,1,XSI_SINGLE_PROCESS,"[""yes""]"
gethostname,unqualified_yes,1,POSIX_NETWORKING,"[""yes""]"
getmsg,qualified,1,_XOPEN_STREAMS,"[""yes †<posix_undefined_behaviour>""]"
getnameinfo,unqualified_yes,1,POSIX_NETWORKING,"[""yes""]"
getnetbyaddr,unqualified_yes,1,POSIX_NETWORKING,"[""yes""]"
getnetbyname,unqualified_yes,1,POSIX_NETWORKING,"[""yes""]"
getnetent,unqualified_yes,1,POSIX_NETWORKING,"[""yes""]"
getopt,unqualified_yes,1,POSIX_C_LIB_EXT,"[""yes""]"
getpeername,unqualified_yes,1,POSIX_NETWORKING,"[""yes""]"
getpgid,qualified,1,POSIX_MULTI_PROCESS,"[""†<posix_undefined_behaviour>""]"
getpgrp,qualified,1,POSIX_MULTI_PROCESS,"[""†<posix_undefined_behaviour>""]"
getpid,qualified,1,POSIX_MULTI_PROCESS,"[""yes †<posix_undefined_behaviour>""]"
getpmsg,qualified,1,_XOPEN_STREAMS,"[""yes †<posix_undefined_behaviour>""]"
getppid,qualified,1,POSIX_MULTI_PROCESS,"[""†<posix_undefined_behaviour>""]"
getprotobyname,unqualified_yes,1,POSIX_NETWORKING,"[""yes""]"
getprotobynumber,unqualified_yes,1,POSIX_NETWORKING,"[""yes""]"
getprotoent,unqualified_yes,1,POSIX_NETWORKING,"[""yes""]"
getpwnam_r,qualified,1,_POSIX_THREAD_SAFE_FUNCTIONS,"[""yes †<posix_undefined_behaviour>""]"
getpwuid_r,qualified,1,_POSIX_THREAD_SAFE_FUNCTIONS,"[""yes †<posix_undefined_behaviour>""]"
gets,unqualified_yes,1,POSIX_DEVICE_IO,"[""yes""]"
getservbyname,unqualified_yes,1,POSIX_NETWORKING,"[""yes""]"
getservbyport,unqualified_yes,1,POSIX_NETWORKING,"[""yes""]"
getservent,unqualified_yes,1,POSIX_NETWORKING,"[""yes""]"
getsid,qualified,1,POSIX_MULTI_PROCESS,"[""†<posix_undefined_behaviour>""]"
getsockname,unqualified_yes,1,POSIX_NETWORKING,"[""yes""]"
getsockopt,unqualified_yes,1,POSIX_NETWORKING,"[""yes""]"
getsubopt,unmarked,1,POSIX_C_LIB_EXT,"[""""]"
gettimeofday,unqualified_yes,1,XSI_SINGLE_PROCESS,"[""yes""]"
gmtime_r,unqualified_yes,2,POSIX_C_LANG_SUPPORT_R; _POSIX_THREAD_SAFE_FUNCTIONS,"[""yes"", ""yes""]"
htonl,unqualified_yes,1,POSIX_NETWORKING,"[""yes""]"
htons,unqualified_yes,1,POSIX_NETWORKING,"[""yes""]"
if_freenameindex,unqualified_yes,1,POSIX_NETWORKING,"[""yes""]"
if_indextoname,unqualified_yes,1,POSIX_NETWORKING,"[""yes""]"
if_nameindex,unqualified_yes,1,POSIX_NETWORKING,"[""yes""]"
if_nametoindex,unqualified_yes,1,POSIX_NETWORKING,"[""yes""]"
inet_addr,unqualified_yes,1,POSIX_NETWORKING,"[""yes""]"
inet_ntoa,unqualified_yes,1,POSIX_NETWORKING,"[""yes""]"
inet_ntop,unqualified_yes,1,POSIX_NETWORKING,"[""yes""]"
inet_pton,unqualified_yes,1,POSIX_NETWORKING,"[""yes""]"
ioctl,unqualified_yes,1,_XOPEN_STREAMS,"[""yes""]"
isastream,qualified,1,_XOPEN_STREAMS,"[""yes †<posix_undefined_behaviour>""]"
kill,qualified,1,POSIX_SIGNALS,"[""yes †<posix_undefined_behaviour>""]"
link,unmarked,1,POSIX_FILE_SYSTEM,"[""""]"
lio_listio,qualified,1,_POSIX_ASYNCHRONOUS_IO,"[""yes †<posix_undefined_behaviour>""]"
listen,unqualified_yes,1,POSIX_NETWORKING,"[""yes""]"
localtime_r,qualified,2,POSIX_C_LANG_SUPPORT_R; _POSIX_THREAD_SAFE_FUNCTIONS,"[""yes"", ""yes (UTC timezone only)""]"
longjmp,unqualified_yes,1,POSIX_C_LANG_JUMP,"[""yes""]"
lseek,unmarked,1,POSIX_FD_MGMT,"[""""]"
mkdir,unqualified_yes,1,POSIX_FILE_SYSTEM,"[""yes""]"
mkstemp,unmarked,1,POSIX_FILE_SYSTEM,"[""""]"
mlock,unqualified_yes,1,_POSIX_MEMLOCK_RANGE,"[""yes""]"
mlockall,unqualified_yes,1,_POSIX_MEMLOCK,"[""yes""]"
mmap,unqualified_yes,2,POSIX_MAPPED_FILES; _POSIX_SHARED_MEMORY_OBJECTS,"[""yes"", ""yes""]"
mprotect,qualified,1,POSIX_MEMORY_PROTECTION,"[""yes †<posix_undefined_behaviour>""]"
mq_close,unqualified_yes,1,_POSIX_MESSAGE_PASSING,"[""yes""]"
mq_getattr,unqualified_yes,1,_POSIX_MESSAGE_PASSING,"[""yes""]"
mq_notify,unqualified_yes,1,_POSIX_MESSAGE_PASSING,"[""yes""]"
mq_open,unqualified_yes,1,_POSIX_MESSAGE_PASSING,"[""yes""]"
mq_receive,unqualified_yes,1,_POSIX_MESSAGE_PASSING,"[""yes""]"
mq_send,unqualified_yes,1,_POSIX_MESSAGE_PASSING,"[""yes""]"
mq_setattr,unqualified_yes,1,_POSIX_MESSAGE_PASSING,"[""yes""]"
mq_timedreceive,unqualified_yes,1,_POSIX_TIMEOUTS,"[""yes""]"
mq_timedsend,unqualified_yes,1,_POSIX_TIMEOUTS,"[""yes""]"
mq_unlink,unqualified_yes,1,_POSIX_MESSAGE_PASSING,"[""yes""]"
msync,unqualified_yes,2,POSIX_MAPPED_FILES; _POSIX_SYNCHRONIZED_IO,"[""yes"", ""yes""]"
munlock,unqualified_yes,1,_POSIX_MEMLOCK_RANGE,"[""yes""]"
munlockall,unqualified_yes,1,_POSIX_MEMLOCK,"[""yes""]"
munmap,unqualified_yes,2,POSIX_MAPPED_FILES; _POSIX_SHARED_MEMORY_OBJECTS,"[""yes"", ""yes""]"
nanosleep,unqualified_yes,1,POSIX_TIMERS,"[""yes""]"
ntohl,unqualified_yes,1,POSIX_NETWORKING,"[""yes""]"
ntohs,unqualified_yes,1,POSIX_NETWORKING,"[""yes""]"
open,unqualified_yes,1,POSIX_DEVICE_IO,"[""yes""]"
opendir,unqualified_yes,1,POSIX_FILE_SYSTEM,"[""yes""]"
openlog,unqualified_yes,1,XSI_SYSTEM_LOGGING,"[""yes""]"
pathconf,unmarked,1,POSIX_FILE_SYSTEM,"[""""]"
pause,qualified,1,POSIX_SIGNALS,"[""yes †<posix_undefined_behaviour>""]"
perror,unqualified_yes,1,POSIX_DEVICE_IO,"[""yes""]"
pipe,unmarked,1,POSIX_PIPE,"[""""]"
poll,unqualified_yes,1,POSIX_DEVICE_IO,"[""yes""]"
posix_trace_timedgetnext_event,unmarked,1,_POSIX_TIMEOUTS,"[""""]"
pread,unqualified_yes,1,POSIX_DEVICE_IO,"[""yes""]"
printf,unqualified_yes,1,POSIX_DEVICE_IO,"[""yes""]"
pselect,unqualified_yes,1,POSIX_DEVICE_IO,"[""yes""]"
pthread_atfork,unqualified_yes,1,POSIX_THREADS_BASE,"[""yes""]"
pthread_attr_destroy,unqualified_yes,1,POSIX_THREADS_BASE,"[""yes""]"
pthread_attr_getdetachstate,unqualified_yes,1,POSIX_THREADS_BASE,"[""yes""]"
pthread_attr_getguardsize,unqualified_yes,1,POSIX_THREADS_EXT,"[""yes""]"
pthread_attr_getinheritsched,unqualified_yes,1,_POSIX_THREAD_PRIORITY_SCHEDULING,"[""yes""]"
pthread_attr_getschedparam,unqualified_yes,1,POSIX_THREADS_BASE,"[""yes""]"
pthread_attr_getschedpolicy,unqualified_yes,1,_POSIX_THREAD_PRIORITY_SCHEDULING,"[""yes""]"
pthread_attr_getscope,unqualified_yes,1,_POSIX_THREAD_PRIORITY_SCHEDULING,"[""yes""]"
pthread_attr_getstack,unqualified_yes,1,XSI_THREADS_EXT,"[""yes""]"
pthread_attr_getstackaddr,unqualified_yes,1,_POSIX_THREAD_ATTR_STACKADDR,"[""yes""]"
pthread_attr_getstacksize,unqualified_yes,1,_POSIX_THREAD_ATTR_STACKSIZE,"[""yes""]"
pthread_attr_init,unqualified_yes,1,POSIX_THREADS_BASE,"[""yes""]"
pthread_attr_setdetachstate,unqualified_yes,1,POSIX_THREADS_BASE,"[""yes""]"
pthread_attr_setguardsize,unqualified_yes,1,POSIX_THREADS_EXT,"[""yes""]"
pthread_attr_setinheritsched,unqualified_yes,1,_POSIX_THREAD_PRIORITY_SCHEDULING,"[""yes""]"
pthread_attr_setschedparam,unqualified_yes,1,POSIX_THREADS_BASE,"[""yes""]"
pthread_attr_setschedpolicy,unqualified_yes,1,_POSIX_THREAD_PRIORITY_SCHEDULING,"[""yes""]"
pthread_attr_setscope,unqualified_yes,1,_POSIX_THREAD_PRIORITY_SCHEDULING,"[""yes""]"
pthread_attr_setstack,unqualified_yes,1,XSI_THREADS_EXT,"[""yes""]"
pthread_attr_setstackaddr,unqualified_yes,1,_POSIX_THREAD_ATTR_STACKADDR,"[""yes""]"
pthread_attr_setstacksize,unqualified_yes,1,_POSIX_THREAD_ATTR_STACKSIZE,"[""yes""]"
pthread_barrier_destroy,unqualified_yes,2,POSIX_BARRIERS; POSIX_THREADS_BASE,"[""yes"", ""yes""]"
pthread_barrier_init,unqualified_yes,2,POSIX_BARRIERS; POSIX_THREADS_BASE,"[""yes"", ""yes""]"
pthread_barrier_wait,unqualified_yes,2,POSIX_BARRIERS; POSIX_THREADS_BASE,"[""yes"", ""yes""]"
pthread_barrierattr_destroy,unqualified_yes,2,POSIX_BARRIERS; POSIX_THREADS_BASE,"[""yes"", ""yes""]"
pthread_barrierattr_getpshared,unqualified_yes,1,POSIX_THREADS_BASE,"[""yes""]"
pthread_barrierattr_init,unqualified_yes,2,POSIX_BARRIERS; POSIX_THREADS_BASE,"[""yes"", ""yes""]"
pthread_barrierattr_setpshared,unqualified_yes,1,POSIX_THREADS_BASE,"[""yes""]"
pthread_cancel,unqualified_yes,1,POSIX_THREADS_BASE,"[""yes""]"
pthread_cleanup_pop,unqualified_yes,1,POSIX_THREADS_BASE,"[""yes""]"
pthread_cleanup_push,unqualified_yes,1,POSIX_THREADS_BASE,"[""yes""]"
pthread_cond_broadcast,unqualified_yes,1,POSIX_THREADS_BASE,"[""yes""]"
pthread_cond_destroy,unqualified_yes,1,POSIX_THREADS_BASE,"[""yes""]"
pthread_cond_init,unqualified_yes,1,POSIX_THREADS_BASE,"[""yes""]"
pthread_cond_signal,unqualified_yes,1,POSIX_THREADS_BASE,"[""yes""]"
pthread_cond_timedwait,unqualified_yes,1,POSIX_THREADS_BASE,"[""yes""]"
pthread_cond_wait,unqualified_yes,1,POSIX_THREADS_BASE,"[""yes""]"
pthread_condattr_destroy,unqualified_yes,1,POSIX_THREADS_BASE,"[""yes""]"
pthread_condattr_getclock,unqualified_yes,1,POSIX_CLOCK_SELECTION,"[""yes""]"
pthread_condattr_init,unqualified_yes,1,POSIX_THREADS_BASE,"[""yes""]"
pthread_condattr_setclock,unqualified_yes,1,POSIX_CLOCK_SELECTION,"[""yes""]"
pthread_create,unqualified_yes,1,POSIX_THREADS_BASE,"[""yes""]"
pthread_detach,unqualified_yes,1,POSIX_THREADS_BASE,"[""yes""]"
pthread_equal,unqualified_yes,1,POSIX_THREADS_BASE,"[""yes""]"
pthread_exit,unqualified_yes,1,POSIX_THREADS_BASE,"[""yes""]"
pthread_getconcurrency,unqualified_yes,1,XSI_THREADS_EXT,"[""yes""]"
pthread_getcpuclockid,unqualified_yes,1,_POSIX_THREAD_CPUTIME,"[""yes""]"
pthread_getschedparam,unqualified_yes,1,_POSIX_THREAD_PRIORITY_SCHEDULING,"[""yes""]"
pthread_getspecific,unqualified_yes,1,POSIX_THREADS_BASE,"[""yes""]"
pthread_join,unqualified_yes,1,POSIX_THREADS_BASE,"[""yes""]"
pthread_key_create,unqualified_yes,1,POSIX_THREADS_BASE,"[""yes""]"
pthread_key_delete,unqualified_yes,1,POSIX_THREADS_BASE,"[""yes""]"
pthread_kill,unmarked,1,POSIX_THREADS_BASE,"[""""]"
pthread_mutex_destroy,unqualified_yes,1,POSIX_THREADS_BASE,"[""yes""]"
pthread_mutex_getprioceiling,unqualified_yes,1,_POSIX_THREAD_PRIO_PROTECT,"[""yes""]"
pthread_mutex_init,unqualified_yes,1,POSIX_THREADS_BASE,"[""yes""]"
pthread_mutex_lock,unqualified_yes,1,POSIX_THREADS_BASE,"[""yes""]"
pthread_mutex_setprioceiling,unqualified_yes,1,_POSIX_THREAD_PRIO_PROTECT,"[""yes""]"
pthread_mutex_timedlock,unqualified_yes,1,_POSIX_TIMEOUTS,"[""yes""]"
pthread_mutex_trylock,unqualified_yes,1,POSIX_THREADS_BASE,"[""yes""]"
pthread_mutex_unlock,unqualified_yes,1,POSIX_THREADS_BASE,"[""yes""]"
pthread_mutexattr_destroy,unqualified_yes,1,POSIX_THREADS_BASE,"[""yes""]"
pthread_mutexattr_getprioceiling,unqualified_yes,1,_POSIX_THREAD_PRIO_PROTECT,"[""yes""]"
pthread_mutexattr_getprotocol,unqualified_yes,2,_POSIX_THREAD_PRIO_INHERIT; _POSIX_THREAD_PRIO_PROTECT,"[""yes"", ""yes""]"
pthread_mutexattr_gettype,unqualified_yes,1,POSIX_THREADS_EXT,"[""yes""]"
pthread_mutexattr_init,unqualified_yes,1,POSIX_THREADS_BASE,"[""yes""]"
pthread_mutexattr_setprioceiling,unqualified_yes,1,_POSIX_THREAD_PRIO_PROTECT,"[""yes""]"
pthread_mutexattr_setprotocol,unqualified_yes,2,_POSIX_THREAD_PRIO_INHERIT; _POSIX_THREAD_PRIO_PROTECT,"[""yes"", ""yes""]"
pthread_mutexattr_settype,unqualified_yes,1,POSIX_THREADS_EXT,"[""yes""]"
pthread_once,unqualified_yes,1,POSIX_THREADS_BASE,"[""yes""]"
pthread_rwlock_destroy,unqualified_yes,1,POSIX_RW_LOCKS,"[""yes""]"
pthread_rwlock_init,unqualified_yes,1,POSIX_RW_LOCKS,"[""yes""]"
pthread_rwlock_rdlock,unqualified_yes,1,POSIX_RW_LOCKS,"[""yes""]"
pthread_rwlock_timedrdlock,unqualified_yes,1,_POSIX_TIMEOUTS,"[""yes""]"
pthread_rwlock_timedwrlock,unqualified_yes,1,_POSIX_TIMEOUTS,"[""yes""]"
pthread_rwlock_tryrdlock,unqualified_yes,1,POSIX_RW_LOCKS,"[""yes""]"
pthread_rwlock_trywrlock,unqualified_yes,1,POSIX_RW_LOCKS,"[""yes""]"
pthread_rwlock_unlock,unqualified_yes,1,POSIX_RW_LOCKS,"[""yes""]"
pthread_rwlock_wrlock,unqualified_yes,1,POSIX_RW_LOCKS,"[""yes""]"
pthread_rwlockattr_destroy,unqualified_yes,1,POSIX_RW_LOCKS,"[""yes""]"
pthread_rwlockattr_getpshared,unqualified_yes,1,POSIX_RW_LOCKS,"[""yes""]"
pthread_rwlockattr_init,unqualified_yes,1,POSIX_RW_LOCKS,"[""yes""]"
pthread_rwlockattr_setpshared,unqualified_yes,1,POSIX_RW_LOCKS,"[""yes""]"
pthread_self,unqualified_yes,1,POSIX_THREADS_BASE,"[""yes""]"
pthread_setcancelstate,unqualified_yes,1,POSIX_THREADS_BASE,"[""yes""]"
pthread_setcanceltype,unqualified_yes,1,POSIX_THREADS_BASE,"[""yes""]"
pthread_setconcurrency,unqualified_yes,1,XSI_THREADS_EXT,"[""yes""]"
pthread_setschedparam,unqualified_yes,1,_POSIX_THREAD_PRIORITY_SCHEDULING,"[""yes""]"
pthread_setschedprio,unqualified_yes,1,_POSIX_THREAD_PRIORITY_SCHEDULING,"[""yes""]"
pthread_setspecific,unqualified_yes,1,POSIX_THREADS_BASE,"[""yes""]"
pthread_sigmask,unqualified_yes,1,POSIX_THREADS_BASE,"[""yes""]"
pthread_spin_destroy,unqualified_yes,1,POSIX_SPIN_LOCKS,"[""yes""]"
pthread_spin_init,unqualified_yes,1,POSIX_SPIN_LOCKS,"[""yes""]"
pthread_spin_lock,unqualified_yes,1,POSIX_SPIN_LOCKS,"[""yes""]"
pthread_spin_trylock,unqualified_yes,1,POSIX_SPIN_LOCKS,"[""yes""]"
pthread_spin_unlock,unqualified_yes,1,POSIX_SPIN_LOCKS,"[""yes""]"
pthread_testcancel,unqualified_yes,1,POSIX_THREADS_BASE,"[""yes""]"
putc,unqualified_yes,1,POSIX_DEVICE_IO,"[""yes""]"
putc_unlocked,unmarked,2,POSIX_FILE_LOCKING; _POSIX_THREAD_SAFE_FUNCTIONS,"["""", """"]"
putchar,unqualified_yes,1,POSIX_DEVICE_IO,"[""yes""]"
putchar_unlocked,unmarked,2,POSIX_FILE_LOCKING; _POSIX_THREAD_SAFE_FUNCTIONS,"["""", """"]"
putenv,unqualified_yes,1,XSI_SINGLE_PROCESS,"[""yes""]"
putmsg,qualified,1,_XOPEN_STREAMS,"[""yes †<posix_undefined_behaviour>""]"
putpmsg,qualified,1,_XOPEN_STREAMS,"[""yes †<posix_undefined_behaviour>""]"
puts,unqualified_yes,1,POSIX_DEVICE_IO,"[""yes""]"
pwrite,unqualified_yes,1,POSIX_DEVICE_IO,"[""yes""]"
raise,qualified,1,POSIX_SIGNALS,"[""yes †<posix_undefined_behaviour>""]"
rand_r,unqualified_yes,2,POSIX_C_LANG_SUPPORT_R; _POSIX_THREAD_SAFE_FUNCTIONS,"[""yes"", ""yes""]"
read,unqualified_yes,1,POSIX_DEVICE_IO,"[""yes""]"
readdir,unqualified_yes,1,POSIX_FILE_SYSTEM,"[""yes""]"
readdir_r,unqualified_yes,2,POSIX_FILE_SYSTEM_R; _POSIX_THREAD_SAFE_FUNCTIONS,"[""yes"", ""yes""]"
recv,unqualified_yes,1,POSIX_NETWORKING,"[""yes""]"
recvfrom,unqualified_yes,1,POSIX_NETWORKING,"[""yes""]"
recvmsg,unqualified_yes,1,POSIX_NETWORKING,"[""yes""]"
remove,unqualified_yes,1,POSIX_FILE_SYSTEM,"[""yes""]"
rename,unqualified_yes,1,POSIX_FILE_SYSTEM,"[""yes""]"
rewind,unmarked,1,POSIX_FD_MGMT,"[""""]"
rewinddir,unmarked,1,POSIX_FILE_SYSTEM,"[""""]"
rmdir,unqualified_yes,1,POSIX_FILE_SYSTEM,"[""yes""]"
scanf,unqualified_yes,1,POSIX_DEVICE_IO,"[""yes""]"
sched_get_priority_max,unqualified_yes,1,_POSIX_PRIORITY_SCHEDULING,"[""yes""]"
sched_get_priority_min,unqualified_yes,1,_POSIX_PRIORITY_SCHEDULING,"[""yes""]"
sched_getparam,unqualified_yes,1,_POSIX_PRIORITY_SCHEDULING,"[""yes""]"
sched_getscheduler,unqualified_yes,1,_POSIX_PRIORITY_SCHEDULING,"[""yes""]"
sched_rr_get_interval,qualified,1,_POSIX_PRIORITY_SCHEDULING,"[""yes †<posix_undefined_behaviour>""]"
sched_setparam,qualified,1,_POSIX_PRIORITY_SCHEDULING,"[""yes †<posix_undefined_behaviour>""]"
sched_setscheduler,qualified,1,_POSIX_PRIORITY_SCHEDULING,"[""yes †<posix_undefined_behaviour>""]"
sched_yield,unqualified_yes,1,POSIX_THREADS_BASE,"[""yes""]"
select,unqualified_yes,1,POSIX_DEVICE_IO,"[""yes""]"
sem_close,unqualified_yes,1,POSIX_SEMAPHORES,"[""yes""]"
sem_destroy,unqualified_yes,1,POSIX_SEMAPHORES,"[""yes""]"
sem_getvalue,unqualified_yes,1,POSIX_SEMAPHORES,"[""yes""]"
sem_init,unqualified_yes,1,POSIX_SEMAPHORES,"[""yes""]"
sem_open,unqualified_yes,1,POSIX_SEMAPHORES,"[""yes""]"
sem_post,unqualified_yes,1,POSIX_SEMAPHORES,"[""yes""]"
sem_timedwait,unqualified_yes,1,_POSIX_TIMEOUTS,"[""yes""]"
sem_trywait,unqualified_yes,1,POSIX_SEMAPHORES,"[""yes""]"
sem_unlink,unqualified_yes,1,POSIX_SEMAPHORES,"[""yes""]"
sem_wait,unqualified_yes,1,POSIX_SEMAPHORES,"[""yes""]"
send,unqualified_yes,1,POSIX_NETWORKING,"[""yes""]"
sendmsg,unqualified_yes,1,POSIX_NETWORKING,"[""yes""]"
sendto,unqualified_yes,1,POSIX_NETWORKING,"[""yes""]"
setbuf,unqualified_yes,1,POSIX_DEVICE_IO,"[""yes""]"
setenv,unqualified_yes,1,POSIX_SINGLE_PROCESS,"[""yes""]"
sethostent,unqualified_yes,1,POSIX_NETWORKING,"[""yes""]"
setjmp,unqualified_yes,1,POSIX_C_LANG_JUMP,"[""yes""]"
setlogmask,unqualified_yes,1,XSI_SYSTEM_LOGGING,"[""yes""]"
setnetent,unqualified_yes,1,POSIX_NETWORKING,"[""yes""]"
setprotoent,unqualified_yes,1,POSIX_NETWORKING,"[""yes""]"
setservent,unqualified_yes,1,POSIX_NETWORKING,"[""yes""]"
setsid,qualified,1,POSIX_MULTI_PROCESS,"[""†<posix_undefined_behaviour>""]"
setsockopt,unqualified_yes,1,POSIX_NETWORKING,"[""yes""]"
setvbuf,unqualified_yes,1,POSIX_DEVICE_IO,"[""yes""]"
shm_open,unqualified_yes,1,_POSIX_SHARED_MEMORY_OBJECTS,"[""yes""]"
shm_unlink,unqualified_yes,1,_POSIX_SHARED_MEMORY_OBJECTS,"[""yes""]"
shutdown,unqualified_yes,1,POSIX_NETWORKING,"[""yes""]"
sigaction,qualified,1,POSIX_SIGNALS,"[""yes †<posix_undefined_behaviour>""]"
sigaddset,unqualified_yes,1,POSIX_SIGNALS,"[""yes""]"
sigdelset,unqualified_yes,1,POSIX_SIGNALS,"[""yes""]"
sigemptyset,unqualified_yes,1,POSIX_SIGNALS,"[""yes""]"
sigfillset,unqualified_yes,1,POSIX_SIGNALS,"[""yes""]"
sigismember,unqualified_yes,1,POSIX_SIGNALS,"[""yes""]"
siglongjmp,unmarked,1,POSIX_SIGNAL_JUMP,"[""""]"
signal,qualified,1,POSIX_SIGNALS,"[""yes †<posix_undefined_behaviour>""]"
sigpending,qualified,1,POSIX_SIGNALS,"[""yes †<posix_undefined_behaviour>""]"
sigprocmask,unqualified_yes,1,POSIX_SIGNALS,"[""yes""]"
sigqueue,unmarked,1,POSIX_REALTIME_SIGNALS,"[""""]"
sigsetjmp,unmarked,1,POSIX_SIGNAL_JUMP,"[""""]"
sigsuspend,qualified,1,POSIX_SIGNALS,"[""yes †<posix_undefined_behaviour>""]"
sigtimedwait,unmarked,1,POSIX_REALTIME_SIGNALS,"[""""]"
sigwait,qualified,1,POSIX_SIGNALS,"[""yes †<posix_undefined_behaviour>""]"
sigwaitinfo,unmarked,1,POSIX_REALTIME_SIGNALS,"[""""]"
sleep,unqualified_yes,1,POSIX_MULTI_PROCESS,"[""yes""]"
sockatmark,qualified,1,POSIX_NETWORKING,"[""yes †<posix_undefined_behaviour>""]"
socket,unqualified_yes,1,POSIX_NETWORKING,"[""yes""]"
socketpair,unqualified_yes,1,POSIX_NETWORKING,"[""yes""]"
stat,unqualified_yes,1,POSIX_FILE_SYSTEM,"[""yes""]"
statvfs,unmarked,1,POSIX_FILE_SYSTEM,"[""""]"
stpcpy,unmarked,1,POSIX_C_LIB_EXT,"[""""]"
stpncpy,unmarked,1,POSIX_C_LIB_EXT,"[""""]"
strcasecmp,unmarked,1,POSIX_C_LIB_EXT,"[""""]"
strdup,unmarked,1,POSIX_C_LIB_EXT,"[""""]"
strerror_r,unqualified_yes,2,POSIX_C_LANG_SUPPORT_R; _POSIX_THREAD_SAFE_FUNCTIONS,"[""yes"", ""yes""]"
strfmon,unmarked,1,POSIX_C_LIB_EXT,"[""""]"
strncasecmp,unqualified_yes,1,POSIX_C_LIB_EXT,"[""yes""]"
strndup,unmarked,1,POSIX_C_LIB_EXT,"[""""]"
strnlen,unqualified_yes,1,POSIX_C_LIB_EXT,"[""yes""]"
strsignal,unqualified_yes,1,POSIX_SIGNALS,"[""yes""]"
strtok_r,unqualified_yes,2,POSIX_C_LANG_SUPPORT_R; _POSIX_THREAD_SAFE_FUNCTIONS,"[""yes"", ""yes""]"
sysconf,unqualified_yes,1,POSIX_SINGLE_PROCESS,"[""yes""]"
syslog,unqualified_yes,1,XSI_SYSTEM_LOGGING,"[""yes""]"
timer_create,unqualified_yes,1,POSIX_TIMERS,"[""yes""]"
timer_delete,unqualified_yes,1,POSIX_TIMERS,"[""yes""]"
timer_getoverrun,unqualified_yes,1,POSIX_TIMERS,"[""yes""]"
timer_gettime,unqualified_yes,1,POSIX_TIMERS,"[""yes""]"
timer_settime,unqualified_yes,1,POSIX_TIMERS,"[""yes""]"
times,unmarked,1,POSIX_MULTI_PROCESS,"[""""]"
tmpfile,unmarked,1,POSIX_FILE_SYSTEM,"[""""]"
tmpnam,unmarked,1,POSIX_FILE_SYSTEM,"[""""]"
truncate,unmarked,1,POSIX_FILE_SYSTEM,"[""""]"
uname,unqualified_yes,1,POSIX_SINGLE_PROCESS,"[""yes""]"
ungetc,unqualified_yes,1,POSIX_DEVICE_IO,"[""yes""]"
unlink,unqualified_yes,1,POSIX_FILE_SYSTEM,"[""yes""]"
unsetenv,unqualified_yes,1,POSIX_SINGLE_PROCESS,"[""yes""]"
utime,unmarked,1,POSIX_FILE_SYSTEM,"[""""]"
vfprintf,unqualified_yes,1,POSIX_DEVICE_IO,"[""yes""]"
vfscanf,unqualified_yes,1,POSIX_DEVICE_IO,"[""yes""]"
vprintf,unqualified_yes,1,POSIX_DEVICE_IO,"[""yes""]"
vscanf,unqualified_yes,1,POSIX_DEVICE_IO,"[""yes""]"
wait,qualified,1,POSIX_MULTI_PROCESS,"[""†<posix_undefined_behaviour>""]"
waitid,qualified,1,POSIX_MULTI_PROCESS,"[""†<posix_undefined_behaviour>""]"
waitpid,qualified,1,POSIX_MULTI_PROCESS,"[""†<posix_undefined_behaviour>""]"
write,unqualified_yes,1,POSIX_DEVICE_IO,"[""yes""]"
